Workbook

Sheet Whole_Data_RNAseq
A1: Wave | B1: Sample Name | C1: Code Axiom | D1: Genetic Code | E1: Fecha de extraccion | F1: Nucleic Acid ID | G1: Concentration(ng/ul) | H1: Volume(ul) | I1: Total amount(ug) | J1: Integrity value | K1: Sample QC Results | L1: Sample QC Memo | M1: Recommendation | N1: Note | O1: Genotyping data | P1: Exclude from the study | Q1: SEX | R1: Edad | S1: Aff status BD | T1: BD subtipo | U1: Aff status SUI Attem | V1: Notas | W1: MDS | X1: Lithium>1yr | Y1: Lithium<1yr | Z1: Event (LUNKDBECK32) | AA1: Phenotyping date | AB1: Extraction date | AC1: Medicado? (si/no) | AD1: Num medicaciones | AE1: Alguna es mood stabilizer? (si/no)
A2: WAVE-2 | B2: CSICR_0001 | C2: CSI_0001 | D2: CSI_1 | E2: #N/A | F2: FKRN240159961-1A | G2: 110 | H2: 9.1 | I2: 1.001 | J2: 9.8 | K2: Pass | L2: - | M2: Proceed | O2: Genotyped | P2: INCLUDE | Q2: 2 | R2: 55 | S2: 1 | U2: 1 | W2: EUR | X2: #N/A | Y2: #N/A | AB2: 44610
A3: WAVE-2 | B3: CSICR_0008 | C3: CSI_0008 | D3: CSI_8 | E3: #N/A | F3: FKRN240159962-1A | G3: 81 | H3: 8.1 | I3: 0.6561 | J3: 8.6 | K3: Pass | L3: - | M3: Proceed | O3: Genotyped | P3: INCLUDE | Q3: 2 | R3: 51 | S3: 1 | U3: 1 | W3: EUR | X3: #N/A | Y3: #N/A | AB3: 44816
A4: WAVE-2 | B4: CSICR_0011 | C4: CSI_0011 | D4: CSI_11 | E4: #N/A | F4: FKRN240159963-1A | G4: 130 | H4: 8.5 | I4: 1.105 | J4: 9 | K4: Pass | L4: - | M4: Proceed | O4: Genotyped | P4: INCLUDE | Q4: 1 | R4: 46 | S4: 1 | U4: 1 | W4: EUR | X4: #N/A | Y4: #N/A | AB4: 44818
A5: WAVE-2 | B5: CSICR_0012 | C5: CSI_0012 | D5: CSI_12 | E5: #N/A | F5: FKRN240159964-1A | G5: 121 | H5: 9.2 | I5: 1.1132 | J5: 9.8 | K5: Pass | L5: - | M5: Proceed | O5: Genotyped | P5: INCLUDE | Q5: 1 | R5: 57 | S5: 1 | U5: 1 | W5: EUR | X5: #N/A | Y5: #N/A | AB5: 44818
A6: WAVE-2 | B6: CSICR_0013 | C6: CSI_0013 | D6: CSI_13 | E6: #N/A | F6: FKRN240159965-1A | G6: 142 | H6: 8 | I6: 1.136 | J6: 9.8 | K6: Pass | L6: - | M6: Proceed | O6: Genotyped | P6: INCLUDE | Q6: 2 | R6: 48 | S6: 1 | U6: 1 | W6: EUR | X6: #N/A | Y6: #N/A | AB6: 44818
A7: WAVE-2 | B7: CSICR_0015 | C7: CSI_0015 | D7: CSI_15 | E7: #N/A | F7: FKRN240159966-1A | G7: 97 | H7: 8.3 | I7: 0.8051 | J7: 9 | K7: Pass | L7: - | M7: Proceed | O7: Genotyped | P7: INCLUDE | Q7: 2 | R7: 57 | S7: 1 | U7: 1 | W7: EUR | X7: #N/A | Y7: #N/A | AB7: 44823
A8: WAVE-2 | B8: CSICR_0017 | C8: CSI_0017 | D8: CSI_17 | E8: #N/A | F8: FKRN240159967-1A | G8: 62 | H8: 8.3 | I8: 0.5146 | J8: 9.8 | K8: Pass | L8: - | M8: Proceed | O8: Genotyped | P8: INCLUDE | Q8: 2 | R8: 53 | S8: 1 | U8: 1 | W8: EUR | X8: #N/A | Y8: #N/A | AB8: 44830
A9: WAVE-R | B9: CSICR_0018 | C9: CSI_0018 | D9: CSI_18 | E9: #N/A | F9: FKRN250010444-1A | G9: 32 | H9: 20 | I9: 0.64 | J9: 9.6 | K9: Pass | L9: - | M9: Pass | O9: Genotyped | P9: INCLUDE | Q9: 2 | R9: 59 | S9: 1 | U9: 1 | W9: EUR | X9: #N/A | Y9: #N/A | AB9: 44830
A10: WAVE-3 | B10: CSICR_0026 | C10: CSI_0026 | D10: CSI_26 | E10: #N/A | F10: FKRN240343450-1A | G10: 82 | H10: 11 | I10: 0.902 | J10: 9.4 | K10: Pass | L10: Slightly impure | M10: Proceed | O10: Genotyped | P10: INCLUDE | Q10: 2 | R10: 63 | S10: 1 | U10: 1 | W10: EUR | X10: #N/A | Y10: #N/A | AB10: 44832
A11: WAVE-3 | B11: CSICR_0030 | C11: CSI_0030 | D11: CSI_30 | E11: #N/A | F11: FKRN240343451-1A | G11: 138 | H11: 11 | I11: 1.518 | J11: 9.2 | K11: Pass | L11: Slightly impure | M11: Proceed | O11: Genotyped | P11: INCLUDE | Q11: 2 | R11: 49 | S11: 1 | U11: 1 | W11: EUR | X11: #N/A | Y11: #N/A | AB11: 44844
A12: WAVE-3 | B12: CSICR_0031 | C12: CSI_0031 | D12: CSI_31 | E12: #N/A | F12: FKRN240343452-1A | G12: 129 | H12: 11 | I12: 1.419 | J12: 9.5 | K12: Pass | L12: Slightly impure | M12: Proceed | O12: Genotyped | P12: INCLUDE | Q12: 1 | R12: 50 | S12: 1 | U12: 1 | W12: EUR | X12: #N/A | Y12: #N/A | AB12: 44844
A13: WAVE-3 | B13: CSICR_0033 | C13: CSI_0033 | D13: CSI_33 | E13: #N/A | F13: FKRN240343453-1A | G13: 105 | H13: 11 | I13: 1.155 | J13: 9.8 | K13: Pass | L13: Slightly impure | M13: Proceed | O13: Genotyped | P13: INCLUDE | Q13: 2 | R13: 63 | S13: 1 | U13: 1 | W13: EUR | X13: #N/A | Y13: #N/A | AB13: 44858
... A48: WAVE-3 | B48: CSICR_0102 | C48: CSI_0102 | D48: CSI_102 | E48: #N/A | F48: FKRN240343489-1A | G48: 115 | H48: 10 | I48: 1.15 | J48: 9.5 | K48: Pass | L48: - | M48: Proceed | O48: Genotyped | P48: INCLUDE | Q48: 1 | R48: 41 | S48: 1 | U48: 1 | W48: EUR | X48: #N/A | Y48: #N/A | AB48: 45112
A49: WAVE-F | B49: CSICR_0106 | C49: CSI_0106 | D49: CSI_106 | E49: #N/A | F49: FKRN250020215-1A | G49: 104 | H49: 14 | I49: 1.456 | J49: 9.9 | K49: Pass | L49: - | M49: Pass | O49: Genotyped | P49: INCLUDE | Q49: 1 | R49: 45 | S49: 2 | T49: BD II | U49: 2 | W49: EUR | X49: #N/A | Y49: #N/A | AB49: 45182
A50: WAVE-3 | B50: CSICR_0111 | C50: CSI_0111 | D50: CSI_111 | E50: #N/A | F50: FKRN240343490-1A | G50: 97 | H50: 11 | I50: 1.067 | J50: 9.2 | K50: Pass | L50: - | M50: Proceed | O50: Genotyped | P50: INCLUDE | Q50: 1 | R50: 24 | S50: 1 | U50: 1 | W50: EUR | X50: #N/A | Y50: #N/A | AB50: 45182
A51: WAVE-3 | B51: CSICR_0112 | C51: CSI_0112 | D51: CSI_112 | E51: #N/A | F51: FKRN240343491-1A | G51: 65 | H51: 11 | I51: 0.715 | J51: 9.5 | K51: Pass | L51: - | M51: Proceed | O51: Genotyped | P51: INCLUDE | Q51: 1 | R51: 47 | S51: 1 | U51: 1 | W51: EUR | X51: #N/A | Y51: #N/A | AB51: 45182
A52: WAVE-3 | B52: CSICR_0113 | C52: CSI_0113 | D52: CSI_113 | E52: #N/A | F52: FKRN240343492-1A | G52: 85 | H52: 8 | I52: 0.68 | J52: 8.4 | K52: Pass | L52: - | M52: Proceed | O52: Genotyped | P52: INCLUDE | Q52: 2 | R52: 27 | S52: 1 | U52: 1 | W52: EUR | X52: #N/A | Y52: #N/A | AB52: 45188
A53: WAVE-3 | B53: CSICR_0121 | C53: CSI_0121 | D53: CSI_121 | E53: #N/A | F53: FKRN240343493-1A | G53: 94 | H53: 11 | I53: 1.034 | J53: 9.5 | K53: Pass | L53: - | M53: Proceed | O53: Genotyped | P53: INCLUDE | Q53: 2 | R53: 30 | S53: 1 | U53: 1 | W53: EUR | X53: #N/A | Y53: #N/A | AB53: 45188
A54: WAVE-3 | B54: CSICR_0122 | C54: CSI_0122 | D54: CSI_122 | E54: #N/A | F54: FKRN240343494-1A | G54: 80 | H54: 11 | I54: 0.88 | J54: 9.3 | K54: Pass | L54: - | M54: Proceed | O54: Genotyped | P54: INCLUDE | Q54: 1 | R54: 18 | S54: 1 | U54: 1 | W54: EUR | X54: #N/A | Y54: #N/A | AB54: 45194
A55: WAVE-3 | B55: CSICR_0123 | C55: CSI_0123 | D55: CSI_123 | E55: #N/A | F55: FKRN240343495-1A | G55: 94 | H55: 11 | I55: 1.034 | J55: 8.7 | K55: Pass | L55: - | M55: Proceed | O55: Genotyped | P55: INCLUDE | Q55: 2 | R55: 50 | S55: 1 | U55: 1 | W55: EUR | X55: #N/A | Y55: #N/A | AB55: 45196
A56: WAVE-3 | B56: CSICR_0129 | C56: CSI_0129 | D56: CSI_129 | E56: #N/A | F56: FKRN240343496-1A | G56: 145 | H56: 10 | I56: 1.45 | J56: 9.6 | K56: Pass | L56: - | M56: Proceed | O56: Genotyped | P56: INCLUDE | Q56: 2 | R56: 22 | S56: 1 | U56: 1 | W56: EUR | X56: #N/A | Y56: #N/A | AB56: 45196
A57: WAVE-3 | B57: CSICR_0133 | C57: CSI_0133 | D57: CSI_133 | E57: #N/A | F57: FKRN240343497-1A | G57: 113 | H57: 9.7 | I57: 1.0961 | J57: 7.2 | K57: Pass | L57: Slightly impure | M57: Proceed | O57: Genotyped | P57: INCLUDE | Q57: 1 | R57: 51 | S57: 1 | U57: 1 | W57: EUR | X57: #N/A | Y57: #N/A | AB57: 45196
A58: WAVE-3 | B58: CSICR_0134 | C58: CSI_0134 | D58: CSI_134 | E58: #N/A | F58: FKRN240343498-1A | G58: 108 | H58: 9.8 | I58: 1.0584 | J58: 9.2 | K58: Pass | L58: Slightly impure | M58: Proceed | O58: Genotyped | P58: INCLUDE | Q58: 2 | R58: 21 | S58: 1 | U58: 1 | W58: EUR | X58: #N/A | Y58: #N/A | AB58: 45397
A59: WAVE-3 | B59: CSICR_0137 | C59: CSI_0137 | D59: CSI_137 | E59: #N/A | F59: FKRN240343499-1A | G59: 145 | H59: 8.7 | I59: 1.2615 | J59: 9.7 | K59: Pass | L59: Slightly impure | M59: Proceed | O59: Genotyped | P59: INCLUDE | Q59: 2 | R59: 65 | S59: 1 | U59: 1 | W59: EUR | X59: #N/A | Y59: #N/A | AB59: 45397
A60: WAVE-3 | B60: CSICR_0138 | C60: CSI_0138 | D60: CSI_138 | E60: #N/A | F60: FKRN240343500-1A | G60: 108 | H60: 10 | I60: 1.08 | J60: 9.5 | K60: Pass | L60: Slightly impure | M60: Proceed | O60: Genotyped | P60: INCLUDE | Q60: 2 | R60: 63 | S60: 1 | U60: 1 | W60: EUR | X60: #N/A | Y60: #N/A | AB60: 45397
A61: WAVE-3 | B61: CSICR_0142 | C61: CSI_0142 | D61: CSI_142 | E61: #N/A | F61: FKRN240343501-1A | G61: 108 | H61: 9.7 | I61: 1.0476 | J61: 9.4 | K61: Pass | L61: Slightly impure | M61: Proceed | O61: Genotyped | P61: INCLUDE | Q61: 1 | R61: 22 | S61: 1 | U61: 1 | W61: EUR | X61: #N/A | Y61: #N/A | AB61: 45397
... A82: WAVE-3 | B82: GJVR_0199 | C82: GJV_0199 | D82: GJV_199 | E82: #N/A | F82: FKRN240343520-1A | G82: 144 | H82: 8.7 | I82: 1.2528 | J82: 9.6 | K82: Pass | L82: Slightly impure | M82: Proceed | O82: Genotyped | P82: INCLUDE | Q82: 1 | R82: 24 | S82: 1 | U82: 1 | W82: EUR | X82: #N/A | Y82: #N/A | AB82: 45079
A83: WAVE-3 | B83: HGVR_0001 | C83: HGV_0001 | D83: HGV_1 | E83: 45072 | F83: FKRN240343373-1A | G83: 105 | H83: 11 | I83: 1.155 | J83: 9.7 | K83: Pass | L83: - | M83: Proceed | O83: Genotyped | P83: INCLUDE | Q83: 1 | R83: 65 | S83: 2 | T83: BD-II | U83: 1 | W83: EUR | X83: |0| | Y83: |0| | Z83: 7 | AB83: 45205
A84: WAVE-3 | B84: HGVR_0002 | C84: HGV_0002 | D84: HGV_2 | E84: 45072 | F84: FKRN240343374-1A | G84: 130 | H84: 10 | I84: 1.3 | J84: 9.3 | K84: Pass | L84: Slightly impure | M84: Proceed | O84: Genotyped | P84: INCLUDE | Q84: 1 | R84: 38 | S84: 2 | T84: SZaff | U84: 2 | W84: EUR | X84: |0| | Y84: |0| | Z84: 7 | AB84: 45343
A85: WAVE-3 | B85: HGVR_0003 | C85: HGV_0003 | D85: HGV_3 | E85: 45072 | F85: FKRN240343375-1A | G85: 125 | H85: 12 | I85: 1.5 | J85: 9.5 | K85: Pass | L85: - | M85: Proceed | O85: Genotyped | P85: INCLUDE | Q85: 1 | R85: 60 | S85: 2 | T85: BD-II | U85: 1 | W85: EUR | X85: |1| | Y85: |0| | Z85: 7 | AB85: 45343
A86: WAVE-3 | B86: HGVR_0004 | C86: HGV_0004 | D86: HGV_4 | E86: 45072 | F86: FKRN240343376-1A | G86: 132 | H86: 11 | I86: 1.452 | J86: 8.2 | K86: Pass | L86: - | M86: Proceed | O86: Genotyped | P86: INCLUDE | Q86: 1 | R86: 71 | S86: 2 | T86: BD-II | U86: 1 | W86: EUR | X86: |1| | Y86: |0| | Z86: 7 | AB86: 45343
A87: WAVE-3 | B87: HGVR_0005 | C87: HGV_0005 | D87: HGV_5 | E87: 45072 | F87: FKRN240343377-1A | G87: 105 | H87: 9 | I87: 0.945 | J87: 9.5 | K87: Pass | L87: - | M87: Proceed | O87: Genotyped | P87: INCLUDE | Q87: 2 | R87: 40 | S87: 2 | T87: BD-I | U87: 1 | W87: EUR | X87: |1| | Y87: |0| | Z87: 7 | AB87: 45343
A88: WAVE-3 | B88: HGVR_0006 | C88: HGV_0006 | D88: HGV_6 | E88: 45079 | F88: FKRN240343378-1A | G88: 149 | H88: 11 | I88: 1.639 | J88: 9.2 | K88: Pass | L88: Slightly impure | M88: Proceed | O88: Genotyped | P88: INCLUDE | Q88: 2 | R88: 56 | S88: 2 | T88: SZaff | U88: 1 | W88: EUR | X88: |1| | Y88: |0| | Z88: 2 | AB88: 45343
A89: WAVE-3 | B89: HGVR_0007 | C89: HGV_0007 | D89: HGV_7 | E89: 45079 | F89: FKRN240343379-1A | G89: 153 | H89: 12 | I89: 1.836 | J89: 9.7 | K89: Pass | L89: Slightly impure | M89: Proceed | O89: Genotyped | P89: INCLUDE | Q89: 2 | R89: 32 | S89: 2 | T89: SZaff | U89: 1 | W89: EUR | X89: |1| | Y89: |0| | Z89: 7 | AB89: 45343
A90: WAVE-3 | B90: HGVR_0008 | C90: HGV_0008 | D90: HGV_8 | E90: 45079 | F90: FKRN240343380-1A | G90: 130 | H90: 11 | I90: 1.43 | J90: 8.8 | K90: Pass | L90: Slightly impure | M90: Proceed | O90: Genotyped | P90: INCLUDE | Q90: 2 | R90: 66 | S90: 2 | T90: BD-I | U90: 1 | W90: EUR | X90: #N/A | Y90: #N/A | Z90: #N/A | AB90: 45343
A91: WAVE-3 | B91: HGVR_0009 | C91: HGV_0009 | D91: HGV_9 | E91: 45079 | F91: FKRN240343381-1A | G91: 150 | H91: 11 | I91: 1.65 | J91: 9.3 | K91: Pass | L91: Slightly impure | M91: Proceed | O91: Genotyped | P91: INCLUDE | Q91: 2 | R91: 50 | S91: 2 | T91: BD-II | U91: 1 | W91: EUR | X91: |1| | Y91: |0| | Z91: 7 | AB91: 45343
A92: WAVE-3 | B92: HGVR_0010 | C92: HGV_0010 | D92: HGV_10 | E92: 45079 | F92: FKRN240343382-1A | G92: 171 | H92: 11 | I92: 1.881 | J92: 9.5 | K92: Pass | L92: - | M92: Proceed | O92: Genotyped | P92: INCLUDE | Q92: 2 | R92: 54 | S92: 2 | T92: BD-I | U92: 2 | W92: EUR | X92: #N/A | Y92: #N/A | Z92: 7 | AB92: 44473
A93: WAVE-3 | B93: HGVR_0011 | C93: HGV_0011 | D93: HGV_11 | E93: 45083 | F93: FKRN240343383-1A | G93: 96 | H93: 11 | I93: 1.056 | J93: 8.9 | K93: Pass | L93: - | M93: Proceed | O93: Genotyped | P93: INCLUDE | Q93: 2 | R93: 46 | S93: 2 | T93: BD-II | U93: 2 | W93: EUR | X93: #N/A | Y93: #N/A | Z93: 5 | AB93: 44543
A94: WAVE-3 | B94: HGVR_0012 | C94: HGV_0012 | D94: HGV_12 | E94: 45083 | F94: FKRN240343384-1A | G94: 107 | H94: 11 | I94: 1.177 | J94: 9.2 | K94: Pass | L94: Slightly impure | M94: Proceed | O94: Genotyped | P94: INCLUDE | Q94: 2 | R94: 58 | S94: 2 | T94: BD-I | U94: 2 | W94: EUR | X94: |1| | Y94: |0| | Z94: 7 | AB94: 44608
A95: WAVE-R | B95: HGVR_0013 | C95: HGV_0013 | D95: HGV_13 | E95: 45638 | F95: FKRN250010446-1A | G95: 135 | H95: 11 | I95: 1.485 | J95: 8.2 | K95: Pass | L95: - | M95: Pass | O95: Genotyped | P95: INCLUDE | Q95: 1 | R95: 44 | S95: 2 | T95: BD-I | U95: 1 | W95: EUR | X95: #N/A | Y95: #N/A | Z95: 7 | AB95: 44608
A96: WAVE-3 | B96: HGVR_0014 | C96: HGV_0014 | D96: HGV_14 | E96: 45083 | F96: FKRN240343386-1A | G96: 114 | H96: 11 | I96: 1.254 | J96: 9.1 | K96: Pass | L96: - | M96: Proceed | O96: Genotyped | P96: INCLUDE | Q96: 2 | R96: 64 | S96: 2 | T96: BD-I | U96: 1 | W96: EUR | X96: |0| | Y96: |0| | Z96: 7 | AB96: 44608
A97: WAVE-3 | B97: HGVR_0015 | C97: HGV_0015 | D97: HGV_15 | E97: 45083 | F97: FKRN240343387-1A | G97: 141 | H97: 11 | I97: 1.551 | J97: 8.6 | K97: Pass | L97: Slightly impure | M97: Proceed | O97: Genotyped | P97: INCLUDE | Q97: 2 | R97: 32 | S97: 2 | T97: BD-I | U97: 2 | W97: SAS/AMR | X97: |1| | Y97: |0| | Z97: 2 | AB97: 44614
A98: WAVE-3 | B98: HGVR_0016 | C98: HGV_0016 | D98: HGV_16 | E98: 45083 | F98: FKRN240343388-1A | G98: 136 | H98: 11 | I98: 1.496 | J98: 9.4 | K98: Pass | L98: Slightly impure | M98: Proceed | O98: Genotyped | P98: INCLUDE | Q98: 2 | R98: 63 | S98: 2 | T98: BD-I | U98: 1 | W98: EUR | X98: |1| | Y98: |0| | Z98: 7 | AB98: 44614
A99: WAVE-3 | B99: HGVR_0017 | C99: HGV_0017 | D99: HGV_17 | E99: 45094 | F99: FKRN240343389-1A | G99: 153 | H99: 9.4 | I99: 1.4382 | J99: 8.7 | K99: Pass | L99: Slightly impure | M99: Proceed | O99: Genotyped | P99: INCLUDE | Q99: 1 | R99: 66 | S99: 2 | T99: BD-I | U99: 1 | W99: EUR | X99: |1| | Y99: |0| | Z99: 7 | AB99: 44614
A100: WAVE-3 | B100: HGVR_0018 | C100: HGV_0018 | D100: HGV_18 | E100: 45094 | F100: FKRN240343390-1A | G100: 148 | H100: 11 | I100: 1.628 | J100: 9.1 | K100: Pass | L100: Slightly impure | M100: Proceed | O100: Genotyped | P100: INCLUDE | Q100: 2 | R100: 53 | S100: 2 | T100: BD-I | U100: 2 | W100: EUR | X100: |1| | Y100: |0| | Z100: 7 | AB100: 44614
A101: WAVE-3 | B101: HGVR_0019 | C101: HGV_0019 | D101: HGV_19 | E101: 45094 | F101: FKRN240343391-1A | G101: 174 | H101: 11 | I101: 1.914 | J101: 9.7 | K101: Pass | L101: Slightly impure | M101: Proceed | O101: Genotyped | P101: INCLUDE | Q101: 2 | R101: 49 | S101: 2 | T101: BD-I | U101: 2 | W101: SAS/AMR | X101: |0| | Y101: |0| | Z101: 7 | AB101: 44614
A102: WAVE-3 | B102: HGVR_0020 | C102: HGV_0020 | D102: HGV_20 | E102: 45094 | F102: FKRN240343392-1A | G102: 202 | H102: 12 | I102: 2.424 | J102: 9.8 | K102: Pass | L102: Slightly impure | M102: Proceed | O102: Genotyped | P102: INCLUDE | Q102: 2 | R102: 59 | S102: 2 | T102: BD-I | U102: 2 | W102: EUR | X102: |1| | Y102: |0| | Z102: 7 | AB102: 44615
A103: WAVE-3 | B103: HGVR_0021 | C103: HGV_0021 | D103: HGV_21 | E103: 45100 | F103: FKRN240343393-1A | G103: 191 | H103: 12 | I103: 2.292 | J103: 7.1 | K103: Pass | L103: - | M103: Proceed | O103: Genotyped | P103: INCLUDE | Q103: 1 | R103: 50 | S103: 2 | T103: BD-I | U103: 1 | W103: EUR | X103: |0| | Y103: |0| | Z103: 7 | AB103: 44621
A104: WAVE-3 | B104: HGVR_0022 | C104: HGV_0022 | D104: HGV_22 | E104: 45100 | F104: FKRN240343394-1A | G104: 161 | H104: 11 | I104: 1.771 | J104: 9.2 | K104: Pass | L104: - | M104: Proceed | O104: Genotyped | P104: INCLUDE | Q104: 2 | R104: 58 | S104: 2 | T104: BD-II | U104: 1 | W104: EUR | X104: |0| | Y104: |0| | Z104: 7 | AB104: 44621
A105: WAVE-3 | B105: HGVR_0023 | C105: HGV_0023 | D105: HGV_23 | E105: 45100 | F105: FKRN240343395-1A | G105: 109 | H105: 11 | I105: 1.199 | J105: 5.6 | K105: Pass | L105: - | M105: Proceed | O105: Genotyped | P105: INCLUDE | Q105: 1 | R105: 54 | S105: 2 | T105: BD-I | U105: 2 | W105: EUR | X105: |0| | Y105: |0| | Z105: 2 | AB105: 44621
A106: WAVE-R | B106: HGVR_0024 | C106: HGV_0024 | D106: HGV_24 | E106: 45638 | F106: FKRN250010447-1A | G106: 108 | H106: 12 | I106: 1.296 | J106: 9.2 | K106: Pass | L106: - | M106: Pass | N106: Axiom (QCcallrate<0.95) | O106: Genotyped and excluded (3. QCcall rate < 0.97) | P106: INCLUDE | Q106: 1 | R106: 47 | S106: 2 | T106: BD-I | U106: 2 | V106: Ethnicity updated by L. Fernandez on Jan 8th 2025 | W106: EUR | X106: |1| | Y106: |0| | Z106: 7 | AB106: 44622
A107: WAVE-3 | B107: HGVR_0025 | C107: HGV_0025 | D107: HGV_25 | E107: 45107 | F107: FKRN240343397-1A | G107: 112 | H107: 12 | I107: 1.344 | J107: 9.5 | K107: Pass | L107: Slightly impure | M107: Proceed | O107: Genotyped | P107: INCLUDE | Q107: 2 | R107: 70 | S107: 2 | T107: BD-II | U107: 1 | W107: EUR | X107: |1| | Y107: |0| | Z107: 7 | AB107: 44622
A108: WAVE-3 | B108: HGVR_0026 | C108: HGV_0026 | D108: HGV_26 | E108: 45107 | F108: FKRN240343398-1A | G108: 138 | H108: 11 | I108: 1.518 | J108: 8.6 | K108: Pass | L108: - | M108: Proceed | O108: Genotyped | P108: INCLUDE | Q108: 2 | R108: 70 | S108: 2 | T108: BD-I | U108: 1 | W108: EUR | X108: #N/A | Y108: #N/A | Z108: 7 | AB108: 44628
A109: WAVE-3 | B109: HGVR_0027 | C109: HGV_0027 | D109: HGV_27 | E109: 45107 | F109: FKRN240343399-1A | G109: 186 | H109: 11 | I109: 2.046 | J109: 7.2 | K109: Pass | L109: - | M109: Proceed | O109: Genotyped | P109: INCLUDE | Q109: 2 | R109: 47 | S109: 2 | T109: BD-I | U109: 1 | W109: EUR | X109: |1| | Y109: |0| | Z109: 7 | AB109: 44628
A110: WAVE-3 | B110: HGVR_0028 | C110: HGV_0028 | D110: HGV_28 | E110: 45114 | F110: FKRN240343400-1A | G110: 95 | H110: 10 | I110: 0.95 | J110: 7.8 | K110: Pass | L110: Slightly impure | M110: Proceed | O110: Genotyped | P110: INCLUDE | Q110: 2 | R110: 51 | S110: 2 | T110: BD-I | U110: 2 | W110: EUR | X110: #N/A | Y110: #N/A | Z110: #N/A | AB110: 44628
A111: WAVE-3 | B111: HGVR_0029 | C111: HGV_0029 | D111: HGV_29 | E111: 45114 | F111: FKRN240343401-1A | G111: 104 | H111: 7.5 | I111: 0.78 | J111: 9.5 | K111: Pass | L111: Slightly impure | M111: Proceed | O111: Genotyped | P111: INCLUDE | Q111: 1 | R111: 67 | S111: 2 | T111: BD-II | U111: 1 | W111: EUR | X111: |1| | Y111: |0| | Z111: 7 | AB111: 44628
A112: WAVE-3 | B112: HGVR_0030 | C112: HGV_0030 | D112: HGV_30 | E112: 45128 | F112: FKRN240343402-1A | G112: 119 | H112: 11 | I112: 1.309 | J112: 8 | K112: Pass | L112: - | M112: Proceed | O112: Genotyped | P112: INCLUDE | Q112: 2 | R112: 70 | S112: 2 | T112: BD-II | U112: 1 | W112: EUR | X112: |1| | Y112: |0| | Z112: 7 | AB112: 44628
A113: WAVE-3 | B113: HGVR_0031 | C113: HGV_0031 | D113: HGV_31 | E113: 45128 | F113: FKRN240343403-1A | G113: 104 | H113: 11 | I113: 1.144 | J113: 8.7 | K113: Pass | L113: - | M113: Proceed | O113: Genotyped | P113: INCLUDE | Q113: 2 | R113: 38 | S113: 2 | T113: BD-I | U113: 1 | W113: EUR | X113: |1| | Y113: |0| | Z113: 7 | AB113: 44629
A114: WAVE-3 | B114: HGVR_0032 | C114: HGV_0032 | D114: HGV_32 | E114: 45128 | F114: FKRN240343404-1A | G114: 129 | H114: 11 | I114: 1.419 | J114: 8.7 | K114: Pass | L114: - | M114: Proceed | O114: Genotyped | P114: INCLUDE | Q114: 2 | R114: 36 | S114: 2 | T114: BD-II | U114: 2 | W114: EUR | X114: |0| | Y114: |0| | Z114: 7 | AB114: 44629
A115: WAVE-3 | B115: HGVR_0033 | C115: HGV_0033 | D115: HGV_33 | E115: 45128 | F115: FKRN240343405-1A | G115: 135 | H115: 11 | I115: 1.485 | J115: 9.8 | K115: Pass | L115: - | M115: Proceed | O115: Genotyped | P115: INCLUDE | Q115: 1 | R115: 46 | S115: 2 | T115: BD-I | U115: 2 | W115: EUR | X115: |1| | Y115: |0| | Z115: 7 | AB115: 44635
A116: WAVE-3 | B116: HGVR_0034 | C116: HGV_0034 | D116: HGV_34 | E116: 45142 | F116: FKRN240343406-1A | G116: 114 | H116: 11 | I116: 1.254 | J116: 9.3 | K116: Pass | L116: - | M116: Proceed | O116: Genotyped | P116: INCLUDE | Q116: 1 | R116: 73 | S116: 2 | T116: BD-I | U116: 1 | W116: EUR | X116: |0| | Y116: |0| | Z116: 7 | AB116: 44635
A117: WAVE-3 | B117: HGVR_0035 | C117: HGV_0035 | D117: HGV_35 | E117: 45142 | F117: FKRN240343407-1A | G117: 148 | H117: 11 | I117: 1.628 | J117: 9.7 | K117: Pass | L117: Slightly impure | M117: Proceed | O117: Genotyped | P117: INCLUDE | Q117: 1 | R117: 59 | S117: 2 | T117: BD-II | U117: 1 | W117: EUR | X117: |0| | Y117: |1| | Z117: 7 | AB117: 44635
A118: WAVE-3 | B118: HGVR_0036 | C118: HGV_0036 | D118: HGV_36 | E118: 45142 | F118: FKRN240343408-1A | G118: 98 | H118: 11 | I118: 1.078 | J118: 9.8 | K118: Pass | L118: - | M118: Proceed | O118: Genotyped | P118: INCLUDE | Q118: 2 | R118: 50 | S118: 2 | T118: BD-I | U118: 2 | W118: EUR | X118: |0| | Y118: |0| | Z118: 7 | AB118: 44636
A119: WAVE-3 | B119: HGVR_0037 | C119: HGV_0037 | D119: HGV_37 | E119: 45142 | F119: FKRN240343409-1A | G119: 131 | H119: 11 | I119: 1.441 | J119: 9.2 | K119: Pass | L119: Slightly impure | M119: Proceed | O119: Genotyped | P119: INCLUDE | Q119: 2 | R119: 52 | S119: 2 | T119: BD-II | U119: 1 | W119: EUR | X119: |1| | Y119: |0| | Z119: 7 | AB119: 44636
A120: WAVE-3 | B120: HGVR_0038 | C120: HGV_0038 | D120: HGV_38 | E120: 45142 | F120: FKRN240343410-1A | G120: 146 | H120: 11 | I120: 1.606 | J120: 9.6 | K120: Pass | L120: Slightly impure | M120: Proceed | O120: Genotyped | P120: INCLUDE | Q120: 2 | R120: 63 | S120: 2 | T120: BD-II | U120: 1 | W120: EUR | X120: |0| | Y120: |1| | Z120: 7 | AB120: 44636
A121: WAVE-R | B121: HGVR_0040 | C121: HGV_0040 | D121: HGV_40 | E121: 45638 | F121: FKRN250010449-1A | G121: 119 | H121: 12 | I121: 1.428 | J121: 8.9 | K121: Pass | L121: - | M121: Pass | O121: Genotyped | P121: INCLUDE | Q121: 1 | R121: 40 | S121: 2 | T121: BD-I | U121: 2 | W121: EUR | X121: |1| | Y121: |0| | Z121: 2 | AB121: 44642
A122: WAVE-3 | B122: HGVR_0047 | C122: HGV_0047 | D122: HGV_47 | E122: 45205 | F122: FKRN240343417-1A | G122: 117 | H122: 11 | I122: 1.287 | J122: 9.6 | K122: Pass | L122: Slightly impure | M122: Proceed | O122: Genotyped | P122: INCLUDE | Q122: 1 | R122: 67 | S122: 2 | T122: BD-I | U122: 1 | W122: EUR | X122: |1| | Y122: |0| | Z122: 7 | AB122: 44643
A123: WAVE-3 | B123: HGVR_0050 | C123: HGV_0050 | D123: HGV_50 | E123: 45237 | F123: FKRN240343418-1A | G123: 120 | H123: 11 | I123: 1.32 | J123: 9.3 | K123: Pass | L123: - | M123: Proceed | O123: Genotyped | P123: INCLUDE | Q123: 2 | R123: 64 | S123: 2 | T123: BD-I | U123: 1 | W123: EUR | X123: |1| | Y123: |0| | Z123: 1 | AB123: 44649
A124: WAVE-3 | B124: HGVR_0051 | C124: HGV_0051 | D124: HGV_51 | E124: 45237 | F124: FKRN240343419-1A | G124: 143 | H124: 11 | I124: 1.573 | J124: 9.7 | K124: Pass | L124: Slightly impure | M124: Proceed | O124: Genotyped | P124: INCLUDE | Q124: 2 | R124: 32 | S124: 2 | T124: BD-I | U124: 2 | W124: EUR | X124: |1| | Y124: |0| | Z124: 0 | AB124: 44671
A125: WAVE-3 | B125: HGVR_0052 | C125: HGV_0052 | D125: HGV_52 | E125: 45237 | F125: FKRN240343420-1A | G125: 135 | H125: 11 | I125: 1.485 | J125: 9.5 | K125: Pass | L125: Slightly impure | M125: Proceed | O125: Genotyped | P125: INCLUDE | Q125: 2 | R125: 76 | S125: 2 | T125: BD-II | U125: 1 | W125: EUR | X125: |0| | Y125: |0| | Z125: 1 | AB125: 44671
A126: WAVE-3 | B126: HGVR_0054 | C126: HGV_0054 | D126: HGV_54 | E126: 45253 | F126: FKRN240343421-1A | G126: 116 | H126: 11 | I126: 1.276 | J126: 8.3 | K126: Pass | L126: - | M126: Proceed | O126: Genotyped | P126: INCLUDE | Q126: 1 | R126: 43 | S126: 2 | T126: Szaff | U126: 2 | W126: EUR | X126: |1| | Y126: |0| | Z126: 7 | AB126: 44671
A127: WAVE-3 | B127: HGVR_0055 | C127: HGV_0055 | D127: HGV_55 | E127: 45253 | F127: FKRN240343422-1A | G127: 84 | H127: 6.8 | I127: 0.5712 | J127: 8.5 | K127: Pass | L127: - | M127: Proceed | O127: Genotyped | P127: INCLUDE | Q127: 2 | R127: 42 | S127: 2 | T127: BD-I | U127: 1 | W127: EUR | X127: |1| | Y127: |0| | Z127: 7 | AB127: 44671
A128: WAVE-3 | B128: HGVR_0057 | C128: HGV_0057 | D128: HGV_57 | E128: 45253 | F128: FKRN240343424-1A | G128: 129 | H128: 10 | I128: 1.29 | J128: 8.2 | K128: Pass | L128: - | M128: Proceed | O128: Genotyped | P128: INCLUDE | Q128: 2 | R128: 56 | S128: 2 | T128: BD-I | U128: 2 | W128: EUR | X128: |1| | Y128: |0| | Z128: 2 | AB128: 44685
A129: WAVE-3 | B129: HGVR_0058 | C129: HGV_0058 | D129: HGV_58 | E129: 45295 | F129: FKRN240343425-1A | G129: 136 | H129: 11 | I129: 1.496 | J129: 9.1 | K129: Pass | L129: Slightly impure | M129: Proceed | O129: Genotyped | P129: INCLUDE | Q129: 1 | R129: 60 | S129: 2 | T129: BD-I | U129: 2 | W129: EUR | X129: #N/A | Y129: #N/A | Z129: 2 | AB129: 44690
A130: WAVE-3 | B130: HGVR_0059 | C130: HGV_0059 | D130: HGV_59 | E130: 45337 | F130: FKRN240343426-1A | G130: 121 | H130: 11 | I130: 1.331 | J130: 9.3 | K130: Pass | L130: - | M130: Proceed | O130: Genotyped | P130: INCLUDE | Q130: 1 | R130: 69 | S130: 2 | T130: BD-I | U130: 1 | W130: EUR | X130: |0| | Y130: |0| | Z130: 7 | AB130: 44690
A131: WAVE-3 | B131: HGVR_0060 | C131: HGV_0060 | D131: HGV_60 | E131: 45337 | F131: FKRN240343427-1A | G131: 119 | H131: 11 | I131: 1.309 | J131: 9.3 | K131: Pass | L131: - | M131: Proceed | O131: Genotyped | P131: INCLUDE | Q131: 1 | R131: 66 | S131: 2 | T131: BD-II | U131: 1 | W131: EUR | X131: |1| | Y131: |0| | Z131: 7 | AB131: 44690
A132: WAVE-3 | B132: HGVR_0061 | C132: HGV_0061 | D132: HGV_61 | E132: 45337 | F132: FKRN240343428-1A | G132: 131 | H132: 11 | I132: 1.441 | J132: 9.7 | K132: Pass | L132: - | M132: Proceed | O132: Genotyped | P132: INCLUDE | Q132: 1 | R132: 45 | S132: 2 | T132: BD-I | U132: 2 | W132: EUR | X132: |1| | Y132: |0| | Z132: 7 | AB132: 44692
A133: WAVE-3 | B133: HGVR_0062 | C133: HGV_0062 | D133: HGV_62 | E133: 45343 | F133: FKRN240343429-1A | G133: 107 | H133: 11 | I133: 1.177 | J133: 8.1 | K133: Pass | L133: - | M133: Proceed | O133: Genotyped | P133: INCLUDE | Q133: 2 | R133: 65 | S133: 2 | T133: BD-I | U133: 1 | W133: EUR | X133: #N/A | Y133: #N/A | Z133: 0 | AB133: 44692
A134: WAVE-3 | B134: HGVR_0063 | C134: HGV_0063 | D134: HGV_63 | E134: 45343 | F134: FKRN240343430-1A | G134: 105 | H134: 11 | I134: 1.155 | J134: 8 | K134: Pass | L134: - | M134: Proceed | O134: Genotyped | P134: INCLUDE | Q134: 2 | R134: 69 | S134: 2 | T134: BD-II | U134: 2 | W134: EUR | X134: |1| | Y134: |0| | Z134: 7 | AB134: 44692
A135: WAVE-3 | B135: HGVR_0064 | C135: HGV_0064 | D135: HGV_64 | E135: 45343 | F135: FKRN240343431-1A | G135: 123 | H135: 11 | I135: 1.353 | J135: 7.9 | K135: Pass | L135: - | M135: Proceed | O135: Genotyped | P135: INCLUDE | Q135: 1 | R135: 45 | S135: 2 | T135: SZaff | U135: 1 | W135: EUR | X135: |1| | Y135: |0| | Z135: 7 | AB135: 44692
A136: WAVE-3 | B136: HGVR_0065 | C136: HGV_0065 | D136: HGV_65 | E136: 45343 | F136: FKRN240343432-1A | G136: 104 | H136: 12 | I136: 1.248 | J136: 8.5 | K136: Pass | L136: - | M136: Proceed | O136: Genotyped | P136: INCLUDE | Q136: 2 | R136: 66 | S136: 2 | T136: BD-I | U136: 1 | W136: EUR | X136: |0| | Y136: |0| | Z136: 7 | AB136: 44699
A137: WAVE-3 | B137: HGVR_0066 | C137: HGV_0066 | D137: HGV_66 | E137: 45343 | F137: FKRN240343433-1A | G137: 106 | H137: 12 | I137: 1.272 | J137: 8.1 | K137: Pass | L137: - | M137: Proceed | O137: Genotyped | P137: INCLUDE | Q137: 2 | R137: 85 | S137: 2 | T137: BD-I | U137: 1 | W137: EUR | X137: |1| | Y137: |0| | Z137: 0 | AB137: 44699
A138: WAVE-3 | B138: HGVR_0067 | C138: HGV_0067 | D138: HGV_67 | E138: 45351 | F138: FKRN240343434-1A | G138: 113 | H138: 12 | I138: 1.356 | J138: 9.4 | K138: Pass | L138: - | M138: Proceed | O138: Genotyped | P138: INCLUDE | Q138: 2 | R138: 70 | S138: 2 | T138: BD-II | U138: 1 | W138: EUR | X138: |0| | Y138: |0| | Z138: 7 | AB138: 44699
A139: WAVE-3 | B139: HGVR_0068 | C139: HGV_0068 | D139: HGV_68 | E139: 45351 | F139: FKRN240343435-1A | G139: 117 | H139: 11 | I139: 1.287 | J139: 9.8 | K139: Pass | L139: - | M139: Proceed | O139: Genotyped | P139: INCLUDE | Q139: 2 | R139: 53 | S139: 2 | T139: BD-I | U139: 2 | W139: EUR | X139: #N/A | Y139: #N/A | Z139: #N/A | AB139: 44699
A140: WAVE-3 | B140: HGVR_0069 | C140: HGV_0069 | D140: HGV_69 | E140: 45351 | F140: FKRN240343436-1A | G140: 140 | H140: 12 | I140: 1.68 | J140: 9.8 | K140: Pass | L140: - | M140: Proceed | O140: Genotyped | P140: INCLUDE | Q140: 1 | R140: 72 | S140: 2 | T140: BD-I | U140: 1 | W140: EUR | X140: |0| | Y140: |0| | Z140: 7 | AB140: 44699
A141: WAVE-3 | B141: HGVR_0070 | C141: HGV_0070 | D141: HGV_70 | E141: 45351 | F141: FKRN240343437-1A | G141: 123 | H141: 10 | I141: 1.23 | J141: 9.6 | K141: Pass | L141: - | M141: Proceed | O141: Genotyped | P141: INCLUDE | Q141: 2 | R141: 59 | S141: 2 | T141: BD-II | U141: 1 | W141: EUR | X141: #N/A | Y141: #N/A | Z141: #N/A | AB141: 44706
A142: WAVE-3 | B142: HGVR_0071 | C142: HGV_0071 | D142: HGV_71 | E142: 45377 | F142: FKRN240343438-1A | G142: 137 | H142: 11 | I142: 1.507 | J142: 9.4 | K142: Pass | L142: - | M142: Proceed | O142: Genotyped | P142: INCLUDE | Q142: 2 | R142: 57 | S142: 2 | T142: BD-II | U142: 2 | W142: AFR | X142: |1| | Y142: |0| | Z142: 7 | AB142: 44706
A143: WAVE-3 | B143: HGVR_0072 | C143: HGV_0072 | D143: HGV_72 | E143: 45377 | F143: FKRN240343439-1A | G143: 122 | H143: 10 | I143: 1.22 | J143: 9.8 | K143: Pass | L143: - | M143: Proceed | O143: Genotyped | P143: INCLUDE | Q143: 1 | R143: 65 | S143: 2 | T143: BD-II | U143: 1 | W143: EUR | X143: #N/A | Y143: #N/A | Z143: 5 | AB143: 44706
A144: WAVE-3 | B144: HGVR_0073 | C144: HGV_0073 | D144: HGV_73 | E144: 45523 | F144: FKRN240343447-1A | G144: 131 | H144: 12 | I144: 1.572 | J144: 9.5 | K144: Pass | L144: - | M144: Proceed | O144: not genotyped yet | P144: INCLUDE | Q144: 1 | R144: 63 | S144: 2 | T144: BD-II | U144: 2 | W144: EUR | X144: #N/A | Y144: #N/A | Z144: #N/A | AB144: 44706
A145: WAVE-3 | B145: HSPR_0002 | C145: HSP_0002 | D145: HSP_2 | E145: #N/A | F145: FKRN240343521-1A | G145: 142 | H145: 9.8 | I145: 1.3916 | J145: 9.7 | K145: Pass | L145: - | M145: Proceed | O145: Genotyped | P145: INCLUDE | Q145: 2 | R145: 54 | S145: 1 | U145: 1 | W145: EUR | X145: #N/A | Y145: #N/A | AB145: 44706
A146: WAVE-3 | B146: HSPR_0014 | C146: HSP_0014 | D146: HSP_14 | E146: #N/A | F146: FKRN240343522-1A | G146: 103 | H146: 9.8 | I146: 1.0094 | J146: 9.5 | K146: Pass | L146: - | M146: Proceed | O146: Genotyped | P146: INCLUDE | Q146: 2 | R146: 62 | S146: 1 | U146: 1 | W146: EUR | X146: #N/A | Y146: #N/A | AB146: 44706
A147: WAVE-3 | B147: HSPR_0016 | C147: HSP_0016 | D147: HSP_16 | E147: #N/A | F147: FKRN240343523-1A | G147: 110 | H147: 10 | I147: 1.1 | J147: 7.9 | K147: Pass | L147: - | M147: Proceed | O147: Genotyped | P147: INCLUDE | Q147: 2 | R147: 51 | S147: 1 | U147: 1 | W147: EUR | X147: #N/A | Y147: #N/A | AB147: 44706
A148: WAVE-3 | B148: HSPR_0018 | C148: HSP_0018 | D148: HSP_18 | E148: #N/A | F148: FKRN240343524-1A | G148: 121 | H148: 9.8 | I148: 1.1858 | J148: 8.8 | K148: Pass | L148: Slightly impure | M148: Proceed | O148: Genotyped | P148: INCLUDE | Q148: 2 | R148: 47 | S148: 1 | U148: 1 | W148: EUR | X148: #N/A | Y148: #N/A | AB148: 44718
A149: WAVE-3 | B149: HSPR_0019 | C149: HSP_0019 | D149: HSP_19 | E149: #N/A | F149: FKRN240343525-1A | G149: 91 | H149: 9.8 | I149: 0.8918 | J149: 8.4 | K149: Pass | L149: Slightly impure | M149: Proceed | O149: Genotyped | P149: INCLUDE | Q149: 2 | R149: 26 | S149: 1 | U149: 1 | W149: EUR | X149: #N/A | Y149: #N/A | AB149: 44718
A150: WAVE-3 | B150: HSPR_0032 | C150: HSP_0032 | D150: HSP_32 | E150: #N/A | F150: FKRN240343526-1A | G150: 114 | H150: 10 | I150: 1.14 | J150: 9 | K150: Pass | L150: Slightly impure | M150: Proceed | O150: Genotyped | P150: INCLUDE | Q150: 2 | R150: 53 | S150: 1 | U150: 1 | W150: EUR | X150: #N/A | Y150: #N/A | AB150: 44725
A151: WAVE-3 | B151: HSPR_0033 | C151: HSP_0033 | D151: HSP_33 | E151: #N/A | F151: FKRN240343527-1A | G151: 104 | H151: 10 | I151: 1.04 | J151: 8.5 | K151: Pass | L151: Slightly impure | M151: Proceed | O151: Genotyped | P151: INCLUDE | Q151: 2 | R151: 53 | S151: 1 | U151: 1 | W151: EUR | X151: #N/A | Y151: #N/A | AB151: 44725
A152: WAVE-3 | B152: HSPR_0040 | C152: HSP_0040 | D152: HSP_40 | E152: #N/A | F152: FKRN240343528-1A | G152: 119 | H152: 10 | I152: 1.19 | J152: 8.6 | K152: Pass | L152: Slightly impure | M152: Proceed | O152: Genotyped | P152: INCLUDE | Q152: 2 | R152: 60 | S152: 1 | U152: 1 | W152: EUR | X152: #N/A | Y152: #N/A | AB152: 44725
A153: WAVE-3 | B153: HSPR_0041 | C153: HSP_0041 | D153: HSP_41 | E153: #N/A | F153: FKRN240343529-1A | G153: 102 | H153: 10 | I153: 1.02 | J153: 9.4 | K153: Pass | L153: - | M153: Proceed | O153: Genotyped | P153: INCLUDE | Q153: 2 | R153: 61 | S153: 1 | U153: 1 | W153: EUR | X153: #N/A | Y153: #N/A | AB153: 44727
A154: PILOT01 | B154: HSPR_0042 | C154: HSP_0042 | D154: HSP_42 | E154: #N/A | F154: FKRN240079948-1A | J154: 7.6 | M154: Proceed | O154: Genotyped | P154: INCLUDE | Q154: 2 | R154: 50 | S154: 1 | U154: 1 | W154: EUR | X154: #N/A | Y154: #N/A | AB154: 44727
...

Sheet Subjects_excluded_Axiom
A1: Sample | B1: RNAseq | C1: cel_filepath | D1: call_rate | E1: QC computed_sex | F1: cn-probe-chrXY-ratio_sex | G1: Pass/Fail | H1: computed_sex | I1: Clinical sex (reference for .fam) | J1: SNPSEX-PLINK | K1: Concordance Sex Clinical QC-Axiom | L1: Concordance Sex Clinical Plink | M1: Issue if any | N1: Exclusion | O1: Exclusion Reason
A2: CSI_0084 | B2: CSICR_0084 | C2: D:\CEL_files\bd_controles\P23FPGMX083_PL06_050724\CSI_0084.CEL | D2: 99.616 | E2: female | F2: female | G2: Pass | H2: female | I2: female | J2: female | M2: CSIC_83 y CSIC_84 herman@s | N2: exclude | O2: because female and need for > males
A3: SFJ_0137 | B3: SFJR_0137 | C3: D:\CEL_files\suicidas\BacaE_Suicidio_PL03_230424\SFJ_0137.CEL | D3: 99.687 | E3: unknown | F3: unknown | G3: Pass | H3: unknown | I3: male | J3: female | K3: FALSE | L3: FALSE | N3: exclude | O3: sex discrepancy
A4: GJV_0090 | B4: GJVR_0090 | C4: D:\CEL_files\bd_controles\P23FPGMX083_PL07_160724\GJV_0090.CEL | D4: 0 | E4: male | F4: male | G4: Fail | I4: male | J4: #N/A | L4: #N/A | N4: exclude | O4: Qccallrate<0.95
A5: HGV_0024 | B5: HGVR_0024 | C5: D:\CEL_files\bd_controles\P23FPGMX083_PL14_180724\HGV_0024.CEL | D5: 0 | E5: male | F5: male | G5: Fail | I5: male | J5: #N/A | L5: #N/A | N5: exclude | O5: Qccallrate<0.95
A6: HGV_0045 | B6: HGVR_0045 | C6: D:\CEL_files\bd_controles\P23FPGMX083_PL14_180724\HGV_0045.CEL | D6: 98.891 | E6: male | F6: male | G6: Pass | H6: male | I6: male | J6: male | M6: HGV_0045 identical to HGV_0046, pero en teoria son dos hombres no relacionados, excluir porque no sabemos que ha pasado | N6: exclude | O6: HGV_0045 identical to HGV_0046
A7: HGV_0046 | B7: HGVR_0046 | C7: D:\CEL_files\bd_controles\P23FPGMX083_PL14_180724\HGV_0046.CEL | D7: 99.379 | E7: male | F7: male | G7: Pass | H7: male | I7: male | J7: male | M7: HGV_0045 identical to HGV_0046, pero en teoria son dos hombres no relacionados, excluir porque no sabemos que ha pasado | N7: exclude | O7: HGV_0045 identical to HGV_0046
A8: HGV_0048 | B8: HGVR_0048 | C8: D:\CEL_files\bd_controles\P23FPGMX083_PL14_180724\HGV_0048.CEL | D8: 0 | E8: unknown | F8: unknown | G8: Fail | I8: male | J8: #N/A | K8: FALSE | L8: #N/A | N8: exclude | O8: Qccallrate<0.95
A9: HGV_0049 | B9: HGVR_0049 | C9: D:\CEL_files\bd_controles\P23FPGMX083_PL14_180724\HGV_0049.CEL | D9: 0 | E9: unknown | F9: unknown | G9: Fail | I9: female | J9: #N/A | K9: FALSE | L9: #N/A | N9: exclude | O9: Qccallrate<0.95
A10: IEV_0045 | B10: IEVR_0045 | C10: D:\CEL_files\bd_controles\P23FPGMX083_PL12_180724\IEV_0045.CEL | D10: 99.573 | E10: male | F10: male | G10: Pass | H10: male | I10: male | J10: #N/A | L10: #N/A | N10: exclude | O10: F>0.25
A11: IEV_0064 | B11: IEVR_0064 | C11: D:\CEL_files\bd_controles\P23FPGMX083_PL13_180724\IEV_0064.CEL | D11: 99.569 | E11: male | F11: male | G11: Pass | H11: male | I11: male | J11: male | M11: same person IEV_0047 | N11: exclude | O11: < genotyping
A12: PNT_0016 | B12: PNTR_0016 | C12: D:\CEL_files\bd_controles\P23FPGMX083_PL10_170724\PNT_0016.CEL | D12: 99.697 | E12: male | F12: male | G12: Pass | H12: male | I12: male | J12: male | M12: same person PNT_0173 | N12: exclude | O12: < genotyped but RNA reason
A13: PNT_0069 | B13: PNTR_0069 | C13: D:\CEL_files\bd_controles\P23FPGMX083_PL10_170724\PNT_0069.CEL | D13: 0 | E13: male | F13: male | G13: Fail | I13: male | J13: #N/A | L13: #N/A | N13: exclude | O13: Qccallrate<0.95
A14: PNT_0081 | B14: PNTR_0081 | D14: #N/A | I14: #N/A | J14: #N/A | K14: #N/A | L14: #N/A | N14: exclude | O14: cel no generado
A15: PNT_0093 | B15: PNTR_0093 | C15: D:\CEL_files\bd_controles\P23FPGMX083_PL10_170724\PNT_0093.CEL | D15: 99.51 | E15: female | F15: female | G15: Pass | H15: female | I15: female | J15: female | M15: PNT_0093 identical to PNT_0220 | N15: exclude | O15: < genotyping
A16: PNT_0187 | B16: PNTR_0187 | C16: D:\CEL_files\bd_controles\P23FPGMX083_PL11_170724\PNT_0187.CEL | D16: 97.451 | E16: male | F16: male | G16: Fail | I16: male | J16: #N/A | L16: #N/A | N16: exclude | O16: F<-0.1
A17: PNT_0211 | B17: PNTR_0211 | C17: D:\CEL_files\bd_controles\P23FPGMX083_PL12_180724\PNT_0211.CEL | D17: 99.7 | E17: male | F17: male | G17: Pass | H17: male | I17: female | J17: male | K17: FALSE | L17: FALSE | M17: Se procesa con PNT_0210 tb varon. No se puede haber intercambiado, ni hay otra muestra procesada en el mismo dia. No es transexual. Posible error aunque no sabemos que ha pasado. | N17: exclude | O17: sex discrepancy
A18: SFJ_0068 | B18: SFJR_0068 | C18: D:\CEL_files\suicidas\BacaE_Suicidio_PL02_230424\SFJ_0068.CEL | D18: 99.385 | E18: female | F18: female | G18: Pass | H18: female | I18: female | J18: female | M18: PNT_0226 identical to SFJ_0068 | N18: exclude | O18: < genotyping
A19: SFJ_0086 | B19: SFJR_0086 | C19: D:\CEL_files\suicidas\BacaE_Suicidio_PL02_230424\SFJ_0086.CEL | D19: 99.3 | E19: female | F19: female | G19: Pass | H19: female | I19: male | J19: female | K19: FALSE | L19: FALSE | M19: varón en nuestros datos y mujer en QC ==> Excluir | N19: exclude | O19: sex discrepancy
A20: SFJ_0111 | B20: SFJR_0111 | C20: D:\CEL_files\suicidas\BacaE_Suicidio_PL03_230424\SFJ_0111.CEL | D20: 99.2 | E20: male | F20: male | G20: Pass | H20: male | I20: male | J20: male | M20: PNT_0184 identical to SFJ_0111 | N20: exclude | O20: bipolar over suicide
A21: SFJ_0128 | B21: SFJR_0128 | C21: D:\CEL_files\suicidas\BacaE_Suicidio_PL03_230424\SFJ_0128.CEL | D21: 0 | F21: male | G21: Fail | I21: male | J21: #N/A | N21: exclude | O21: DQC<0.82
A22: SFJ_0133 | B22: SFJR_0133 | C22: D:\CEL_files\suicidas\BacaE_Suicidio_PL03_230424\SFJ_0133.CEL | D22: 99.463 | E22: male | F22: male | G22: Pass | H22: male | I22: male | J22: male | M22: PNT_0222 identical to SFJ_0133 | N22: exclude | O22: bipolar over suicide
A23: UAM_0023 | B23: UAMR_0023 | D23: #N/A | I23: #N/A | J23: #N/A | K23: #N/A | L23: #N/A | N23: exclude | O23: cel no generado
A24: UAM_0057 | B24: UAMR_0057 | C24: D:\CEL_files\bd_controles\P23FPGMX083_PL01_030724\UAM_0057.CEL | D24: 96.673 | E24: unknown | F24: unknown | G24: Fail | I24: female | J24: #N/A | K24: FALSE | L24: #N/A | N24: exclude | O24: F<-0.1
A25: UAM_0085 | B25: UAMR_0085 | C25: D:\CEL_files\bd_controles\P23FPGMX083_PL01_030724\UAM_0085.CEL | D25: 0 | E25: unknown | F25: unknown | G25: Fail | I25: female | J25: #N/A | K25: FALSE | L25: #N/A | N25: exclude | O25: Qccallrate<0.95
A26: UAM_0093 | B26: UAMR_0093 | C26: D:\CEL_files\bd_controles\P23FPGMX083_PL01_030724\UAM_0093.CEL | D26: 0 | E26: female | F26: female | G26: Fail | I26: female | J26: #N/A | L26: #N/A | N26: exclude | O26: Qccallrate<0.95
A27: UAM_0178 | B27: UAMR_0178 | C27: D:\CEL_files\bd_controles\P23FPGMX083_PL02_030724\UAM_0178.CEL | D27: 96.626 | E27: unknown | F27: unknown | G27: Fail | I27: male | J27: #N/A | K27: FALSE | L27: #N/A | N27: exclude | O27: F<-0.1
A28: UAM_0179 | B28: UAMR_0179 | C28: D:\CEL_files\bd_controles\P23FPGMX083_PL02_030724\UAM_0179.CEL | D28: 0 | E28: unknown | F28: unknown | G28: Fail | I28: male | J28: #N/A | K28: FALSE | L28: #N/A | N28: exclude | O28: Qccallrate<0.95
A29: UAM_0236 | B29: UAMR_0236 | C29: D:\CEL_files\bd_controles\P23FPGMX083_PL03_040724\UAM_0236.CEL | D29: 99.543 | E29: male | F29: male | G29: Pass | H29: male | I29: male | J29: male | M29: same person UAM_0114 | N29: exclude | O29: same genotypying
A30: UAM_0243 | B30: UAMR_0243 | C30: D:\CEL_files\bd_controles\P23FPGMX083_PL03_040724\UAM_0243.CEL | D30: 99.506 | E30: male | F30: male | G30: Pass | H30: male | I30: #N/A | J30: male | K30: #N/A | L30: #N/A | M30: same person UAM_0453 | N30: exclude | O30: < genotyped of the 2
A31: UAM_0249 | B31: UAMR_0249 | C31: D:\CEL_files\bd_controles\P23FPGMX083_PL03_040724\UAM_0249.CEL | D31: 99.312 | E31: female | F31: female | G31: Pass | H31: female | I31: female | J31: female | M31: same person UAM_0120 | N31: exclude | O31: <genotyping
A32: UAM_0252 | B32: UAMR_0252 | C32: D:\CEL_files\bd_controles\P23FPGMX083_PL03_040724\UAM_0252.CEL | D32: 99.599 | E32: female | F32: female | G32: Pass | H32: female | I32: female | J32: female | M32: UAM_0241 y UAM_0252 parent-child | N32: exclude | O32: younger
A33: UAM_0257 | B33: UAMR_0257 | C33: D:\CEL_files\bd_controles\P23FPGMX083_PL03_040724\UAM_0257.CEL | D33: 0 | E33: unknown | F33: unknown | G33: Fail | I33: male | J33: #N/A | K33: FALSE | L33: #N/A | N33: exclude | O33: Qccallrate<0.95
A34: UAM_0263 | B34: UAMR_0263 | C34: D:\CEL_files\bd_controles\P23FPGMX083_PL03_040724\UAM_0263.CEL | D34: 0 | E34: unknown | F34: unknown | G34: Fail | I34: female | J34: #N/A | K34: FALSE | L34: #N/A | N34: exclude | O34: Qccallrate<0.95
A35: UAM_0284 | B35: UAMR_0284 | C35: D:\CEL_files\bd_controles\P23FPGMX083_PL03_040724\UAM_0284.CEL | D35: 97.867 | E35: female | F35: female | G35: Pass | H35: female | I35: female | J35: #N/A | L35: #N/A | N35: exclude | O35: F<-0.1
A36: UAM_0306 | B36: UAMR_0306 | C36: D:\CEL_files\bd_controles\P23FPGMX083_PL04_040724\UAM_0306.CEL | D36: 99.223 | E36: female | F36: female | G36: Pass | H36: female | I36: female | J36: female | M36: UAM_0305 y UAM_0306 parent-child | N36: exclude | O36: younger
A37: UAM_0310 | B37: UAMR_0310 | C37: D:\CEL_files\bd_controles\P23FPGMX083_PL04_040724\UAM_0310.CEL | D37: 99.536 | E37: female | F37: female | G37: Pass | H37: female | I37: female | J37: female | M37: CSI_0083 y UAM_0310 granparents-half-sib, avuncular | N37: exclude | O37: younger
A38: UAM_0358 | B38: UAMR_0358 | C38: D:\CEL_files\bd_controles\P23FPGMX083_PL04_040724\UAM_0358.CEL | D38: 99.504 | E38: male | F38: male | G38: Pass | H38: male | I38: male | J38: male | M38: UAM_0026 y UAM_0358 parent-child | N38: exclude | O38: young
A39: UAM_0370 | B39: UAMR_0370 | C39: D:\CEL_files\bd_controles\P23FPGMX083_PL04_040724\UAM_0370.CEL | D39: 98.296 | E39: unknown | F39: unknown | G39: Pass | H39: unknown | I39: female | J39: female | K39: FALSE | M39: UAM_0370 same person UAM_0372 | N39: exclude | O39: UAM_0370 identical to UAM_0372, but apparently different people
A40: UAM_0372 | B40: UAMR_0372 | C40: D:\CEL_files\bd_controles\P23FPGMX083_PL04_040724\UAM_0372.CEL | D40: 99.399 | E40: female | F40: female | G40: Pass | H40: female | I40: female | J40: female | M40: UAM_0370 same person UAM_0372 | N40: exclude | O40: UAM_0370 identical to UAM_0372, but apparently different people
A41: UAM_0381 | B41: UAMR_0381 | C41: D:\CEL_files\bd_controles\P23FPGMX083_PL04_040724\UAM_0381.CEL | D41: 0 | E41: male | F41: male | G41: Fail | I41: male | J41: #N/A | L41: #N/A | N41: exclude | O41: Qccallrate<0.95
A42: UAM_0410 | B42: UAMR_0410 | C42: D:\CEL_files\bd_controles\P23FPGMX083_PL05_040724\UAM_0410.CEL | D42: 0 | E42: female | F42: female | G42: Fail | I42: female | J42: #N/A | L42: #N/A | N42: exclude | O42: Qccallrate<0.95
A43: RJC_0035 | B43: RJCR_0035 | C43: D:\CEL_files\bd_controles\P23FPGMX083_PL13_180724\RJC_0035.CEL | D43: 99.623 | E43: female | F43: female | G43: Pass | H43: female | I43: female | J43: female | M43: RJC_0005 y RJC_0035 parent-child | N43: not yet patient
A44: RJC_0005 | B44: RJCR_0005 | C44: D:\CEL_files\bd_controles\P23FPGMX083_PL13_180724\RJC_0005.CEL | D44: 99.728 | E44: male | F44: male | G44: Pass | H44: male | I44: male | J44: male | M44: RJC_0005 y RJC_0035 parent-child | N44: not yet patient
A45: PNT_0217 | B45: PNTR_0217 | C45: D:\CEL_files\bd_controles\P23FPGMX083_PL12_180724\PNT_0217.CEL | D45: 99.54 | E45: female | F45: female | G45: Pass | H45: female | I45: female | J45: female | M45: PNT_0078 y PNT_0217 parent-child | N45: not yet patient
A46: PNT_0078 | B46: PNTR_0078 | C46: D:\CEL_files\bd_controles\P23FPGMX083_PL10_170724\PNT_0078.CEL | D46: 99.704 | E46: male | F46: male | G46: Pass | H46: male | I46: male | J46: male | M46: PNT_0078 y PNT_0217 parent-child | N46: not yet patient
A47: PNT_0008 | B47: PNTR_0008 | C47: D:\CEL_files\bd_controles\P23FPGMX083_PL10_170724\PNT_0008.CEL | D47: 99.498 | E47: female | F47: female | G47: Pass | H47: female | I47: female | J47: female | M47: PNT_0008 y PNT_0023 herman@s | N47: not yet patient
A48: IEV_0061 | B48: IEVR_0061 | C48: D:\CEL_files\bd_controles\P23FPGMX083_PL13_180724\IEV_0061.CEL | D48: 98.496 | E48: female | F48: female | G48: Pass | H48: female | I48: female | J48: female | M48: IEV_0060 y IEV_0061 parent-child | N48: not yet patient
A49: IEV_0060 | B49: IEVR_0060 | C49: D:\CEL_files\bd_controles\P23FPGMX083_PL13_180724\IEV_0060.CEL | D49: 99.694 | E49: female | F49: female | G49: Pass | H49: female | I49: female | J49: female | M49: IEV_0060 y IEV_0061 parent-child | N49: not yet patient
A50: SFJ_0185 | B50: SFJR_0185 | C50: D:\CEL_files\suicidas\BacaE_Suicidio_PL03_230424\SFJ_0185.CEL | D50: 99.425 | E50: male | F50: male | G50: Pass | H50: male | I50: male | J50: male | M50: EUR_0847 y SFJ_0185 herman@s | N50: not yet, patient
A51: SFJ_0180 | B51: SFJR_0180 | C51: D:\CEL_files\suicidas\BacaE_Suicidio_PL03_230424\SFJ_0180.CEL | D51: 99.72 | E51: female | F51: female | G51: Pass | H51: female | I51: female | J51: female | M51: SFJ_0179 y SFJ_0180 parent-child | N51: not yet, patient
A52: SFJ_0179 | B52: SFJR_0179 | C52: D:\CEL_files\suicidas\BacaE_Suicidio_PL03_230424\SFJ_0179.CEL | D52: 99.718 | E52: female | F52: female | G52: Pass | H52: female | I52: female | J52: female | M52: SFJ_0179 y SFJ_0180 parent-child | N52: not yet, patient
A53: SFJ_0081 | B53: SFJR_0081 | C53: D:\CEL_files\suicidas\BacaE_Suicidio_PL02_230424\SFJ_0081.CEL | D53: 99.545 | E53: female | F53: female | G53: Pass | H53: female | I53: female | J53: female | M53: EUP_099 y SFJ_0081 herman@s | N53: not yet, patient
A54: SFJ_0073 | B54: SFJR_0073 | C54: D:\CEL_files\suicidas\BacaE_Suicidio_PL02_230424\SFJ_0073.CEL | D54: 99.711 | E54: male | F54: male | G54: Pass | H54: male | I54: male | J54: male | M54: SFJ_0046 y SFJ_0073 herman@s | N54: not yet, patient
... A58: PNT_0023 | B58: PNTR_0023 | C58: D:\CEL_files\bd_controles\P23FPGMX083_PL10_170724\PNT_0023.CEL | D58: 99.671 | E58: male | F58: male | G58: Pass | H58: male | I58: male | J58: male | M58: same person BDF_0340; PNT_0008 y PNT_0023 herman@s | N58: not yet, patient
A59: UAM_0075.CEL | B59: UAMR_0075.CEL | N59: Excluded in QC Snellius | O59: Qccallrate<0.98
A60: UAM_0186.CEL | B60: UAMR_0186.CEL | N60: Excluded in QC Snellius | O60: Qccallrate<0.98
A61: UAM_0394.CEL | B61: UAMR_0394.CEL | N61: Excluded in QC Snellius | O61: Qccallrate<0.98

Sheet Excluded From the study
A1: Wave | B1: Sample Name | C1: Code Axiom | D1: Code Axiom | E1: Nucleic Acid ID | F1: Concentration(ng/ul) | G1: Volume(ul) | H1: Total amount(ug) | I1: Integrity value | J1: Sample QC Results | K1: Sample QC Memo | L1: Recommendation | M1: Note | N1: Genotyping data | O1: Exclude from the study | P1: SEX | Q1: Edad | R1: Aff status BD | S1: BD subtipo | T1: Notas | U1: MDS | V1: Lithium>1yr | W1: Lithium<1yr | X1: Event (LUNKDBECK32) | Y1: Phenotyping date | Z1: Extraction date | AA1: Medicado? (si/no) | AB1: Num medicaciones | AC1: Alguna es mood stabilizer? (si/no)
A2: WAVE-1 | B2: PNTR_0008 | C2: PNT_0008 | D2: PNT_8 | E2: FKRN240109080-1A | F2: 105 | G2: 5 | H2: 0.525 | I2: 9.4 | J2: Pass | K2: - | L2: Proceed | M2: hermanas: PNTR_0008 y PNTR_0023: remove one | N2: Genotyped and excluded (12. PNT_0008 y PNT_0023 herman@s) | O2: Exclude | P2: #N/A | Q2: #N/A | R2: #N/A | S2: BD-II | U2: EUR | V2: #N/A | W2: #N/A | X2: #N/A | Y2: #N/A | Z2: 44693
A3: WAVE-1 | B3: PNTR_0093 | C3: PNT_0093 | D3: PNT_93 | E3: FKRN240109236-1A | F3: 144 | G3: 6.9 | H3: 0.9936 | I3: 9.2 | J3: Pass | K3: - | L3: Proceed | M3: (duplicated PNTR_0220) | N3: Genotyped and excluded (7: IBD (duplicated) | O3: Exclude | P3: #N/A | Q3: #N/A | R3: #N/A | S3: BD-I | U3: #N/A | V3: |1| | W3: |0| | X3: 7 | Y3: 24/11/2022 | Z3: 44868
A4: WAVE-2 | B4: UAMR_0252 | C4: UAM_0252 | D4: UAM_252 | E4: FKRN240159893-1A | F4: 103 | G4: 8.7 | H4: 0.8961 | I4: 9.8 | J4: Pass | K4: - | L4: Proceed | M4: UAM_0241 (padre) y UAM_0252 (hija) parent-child | N4: Genotyped and excluded (UAM_0241 y UAM_0252 parent-child) | O4: Exclude | P4: #N/A | Q4: #N/A | R4: #N/A | U4: #N/A | V4: #N/A | W4: #N/A | Z4: 44853

Sheet config_file_DEGs
A1: Sample_name | B1: File | C1: Age_range | D1: Sex | E1: Case_Ctrl_BD | F1: Case_Ctrl_SA | G1: PC1_CIBERSORT | H1: PC2_CIBERSORT | I1: PC3_CIBERSORT | J1: PC4_CIBERSORT | K1: PC5_CIBERSORT | L1: Wave | M1: RIN | N1: Ethnicity | O1: Subtype | P1: Age
A2: CSI_0001 | B2: CSICR_0001.tsv | C2: group_51_to_60 | D2: Female | E2: Control | F2: Control | G2: 0.15715068 | H2: 2.748833 | I2: -0.40035454 | J2: -0.45381356 | K2: -0.87496018 | L2: WAVE-3 | M2: 9.8 | N2: EUR | O2: Control | P2: =VLOOKUP(A2,Whole_Data_RNAseq!C:R,16,FALSE) -> 55
A3: CSI_0008 | B3: CSICR_0008.tsv | C3: group_51_to_60 | D3: Female | E3: Control | F3: Control | G3: 4.632077 | H3: -0.99175562 | I3: -0.15914753 | J3: 1.5985452 | K3: 0.34014223 | L3: WAVE-2 | M3: 8.6 | N3: EUR | O3: Control | P3: =VLOOKUP(A3,Whole_Data_RNAseq!C:R,16,FALSE) -> 51
A4: CSI_0011 | B4: CSICR_0011.tsv | C4: group_41_to_50 | D4: Male | E4: Control | F4: Control | G4: 0.65583307 | H4: -1.7183559 | I4: -0.030355326 | J4: 0.50604003 | K4: -1.6751643 | L4: WAVE-2 | M4: 9 | N4: EUR | O4: Control | P4: =VLOOKUP(A4,Whole_Data_RNAseq!C:R,16,FALSE) -> 46
A5: CSI_0012 | B5: CSICR_0012.tsv | C5: group_51_to_60 | D5: Male | E5: Control | F5: Control | G5: -2.2426664 | H5: -0.39449688 | I5: 1.5508624 | J5: 0.81274323 | K5: 1.3483866 | L5: WAVE-3 | M5: 9.8 | N5: EUR | O5: Control | P5: =VLOOKUP(A5,Whole_Data_RNAseq!C:R,16,FALSE) -> 57
A6: CSI_0013 | B6: CSICR_0013.tsv | C6: group_41_to_50 | D6: Female | E6: Control | F6: Control | G6: -0.50917603 | H6: 0.94586815 | I6: -0.48347963 | J6: 1.0910233 | K6: 0.96748179 | L6: WAVE-R | M6: 9.8 | N6: EUR | O6: Control | P6: =VLOOKUP(A6,Whole_Data_RNAseq!C:R,16,FALSE) -> 48
A7: CSI_0015 | B7: CSICR_0015.tsv | C7: group_51_to_60 | D7: Female | E7: Control | F7: Control | G7: 0.029682566 | H7: 0.42435405 | I7: -0.24385758 | J7: 0.19459791 | K7: -0.53129225 | L7: WAVE-R | M7: 9 | N7: EUR | O7: Control | P7: =VLOOKUP(A7,Whole_Data_RNAseq!C:R,16,FALSE) -> 57
A8: CSI_0017 | B8: CSICR_0017.tsv | C8: group_51_to_60 | D8: Female | E8: Control | F8: Control | G8: -0.35070719 | H8: -1.0654755 | I8: -0.7256419 | J8: 0.016802401 | K8: 0.49305546 | L8: WAVE-3 | M8: 9.8 | N8: EUR | O8: Control | P8: =VLOOKUP(A8,Whole_Data_RNAseq!C:R,16,FALSE) -> 53
A9: CSI_0018 | B9: CSICR_0018.tsv | C9: group_51_to_60 | D9: Female | E9: Control | F9: Control | G9: 3.0528494 | H9: -0.64505647 | I9: -0.083076813 | J9: 1.3185026 | K9: 0.99971158 | L9: WAVE-3 | M9: 9.6 | N9: EUR | O9: Control | P9: =VLOOKUP(A9,Whole_Data_RNAseq!C:R,16,FALSE) -> 59
A10: CSI_0026 | B10: CSICR_0026.tsv | C10: group_61_to_70 | D10: Female | E10: Control | F10: Control | G10: 1.5931264 | H10: 2.1130313 | I10: 1.08017 | J10: 0.97448731 | K10: -2.2839088 | L10: WAVE-2 | M10: 9.4 | N10: EUR | O10: Control | P10: =VLOOKUP(A10,Whole_Data_RNAseq!C:R,16,FALSE) -> 63
A11: CSI_0030 | B11: CSICR_0030.tsv | C11: group_41_to_50 | D11: Female | E11: Control | F11: Control | G11: 0.29859915 | H11: 0.23139289 | I11: -0.16954939 | J11: 0.11007941 | K11: 1.0374281 | L11: WAVE-2 | M11: 9.2 | N11: EUR | O11: Control | P11: =VLOOKUP(A11,Whole_Data_RNAseq!C:R,16,FALSE) -> 49
A12: CSI_0031 | B12: CSICR_0031.tsv | C12: group_41_to_50 | D12: Male | E12: Control | F12: Control | G12: -0.81077691 | H12: 0.12715463 | I12: 0.04088051 | J12: -0.42458274 | K12: 0.67374618 | L12: WAVE-2 | M12: 9.5 | N12: EUR | O12: Control | P12: =VLOOKUP(A12,Whole_Data_RNAseq!C:R,16,FALSE) -> 50
A13: CSI_0033 | B13: CSICR_0033.tsv | C13: group_61_to_70 | D13: Female | E13: Control | F13: Control | G13: -3.099378 | H13: 0.9443083 | I13: 1.2660242 | J13: 0.64967275 | K13: 1.554436 | L13: WAVE-1 | M13: 9.8 | N13: EUR | O13: Control | P13: =VLOOKUP(A13,Whole_Data_RNAseq!C:R,16,FALSE) -> 63
... A723: UAM_0390 | B723: UAMR_0390.tsv | C723: group_under_30 | D723: Female | E723: Control | F723: Control | G723: 0.45880985 | H723: -1.16867 | I723: -1.2006777 | J723: -1.3827423 | K723: 1.9661565 | L723: WAVE-3 | M723: 9.8 | N723: No_EUR | O723: Control | P723: =VLOOKUP(A723,Whole_Data_RNAseq!C:R,16,FALSE) -> 23
